﻿pos_x,pos_y,rotation,side,designator,mpn,pack,footprint,value,mount_type
32.5,-42.5,0.0,top,D1,,,LED_WS2812B-Mini_PLCC4_3.5x3.5mm,WS2812B,smt
243.05,-43.0,0.0,top,D10,,,LED_WS2812B-Mini_PLCC4_3.5x3.5mm,WS2812B,smt
262.05,-43.0,0.0,top,D11,,,LED_WS2812B-Mini_PLCC4_3.5x3.5mm,WS2812B,smt
280.05,-43.0,0.0,top,D12,,,LED_WS2812B-Mini_PLCC4_3.5x3.5mm,WS2812B,smt
299.55,-43.0,0.0,top,D13,,,LED_WS2812B-Mini_PLCC4_3.5x3.5mm,WS2812B,smt
32.36,-70.39,0.0,top,D14,,,LED_WS2812B-Mini_PLCC4_3.5x3.5mm,WS2812B,smt
50.5,-70.5,0.0,top,D15,,,LED_WS2812B-Mini_PLCC4_3.5x3.5mm,WS2812B,smt
70.0,-70.5,0.0,top,D16,,,LED_WS2812B-Mini_PLCC4_3.5x3.5mm,WS2812B,smt
89.5,-70.5,0.0,top,D17,,,LED_WS2812B-Mini_PLCC4_3.5x3.5mm,WS2812B,smt
108.55,-70.5,0.0,top,D18,,,LED_WS2812B-Mini_PLCC4_3.5x3.5mm,WS2812B,smt
127.55,-71.5,0.0,top,D19,,,LED_WS2812B-Mini_PLCC4_3.5x3.5mm,WS2812B,smt
71.05,-43.0,0.0,top,D2,,,LED_WS2812B-Mini_PLCC4_3.5x3.5mm,WS2812B,smt
146.5,-70.5,0.0,top,D20,,,LED_WS2812B-Mini_PLCC4_3.5x3.5mm,WS2812B,smt
166.0,-70.5,0.0,top,D21,,,LED_WS2812B-Mini_PLCC4_3.5x3.5mm,WS2812B,smt
184.55,-70.5,0.0,top,D22,,,LED_WS2812B-Mini_PLCC4_3.5x3.5mm,WS2812B,smt
203.55,-70.0,0.0,top,D23,,,LED_WS2812B-Mini_PLCC4_3.5x3.5mm,WS2812B,smt
222.55,-70.0,0.0,top,D24,,,LED_WS2812B-Mini_PLCC4_3.5x3.5mm,WS2812B,smt
242.0,-70.5,0.0,top,D25,,,LED_WS2812B-Mini_PLCC4_3.5x3.5mm,WS2812B,smt
260.55,-70.5,0.0,top,D26,,,LED_WS2812B-Mini_PLCC4_3.5x3.5mm,WS2812B,smt
288.5,-70.5,0.0,top,D27,,,LED_WS2812B-Mini_PLCC4_3.5x3.5mm,WS2812B,smt
324.0,-70.5,0.0,top,D28,,,LED_WS2812B-Mini_PLCC4_3.5x3.5mm,WS2812B,smt
339.6125,-70.1625,0.0,top,D29,,,LED_WS2812B-Mini_PLCC4_3.5x3.5mm,WS2812B,smt
90.5,-43.0,0.0,top,D3,,,LED_WS2812B-Mini_PLCC4_3.5x3.5mm,WS2812B,smt
361.5,-70.5,0.0,top,D30,,,LED_WS2812B-Mini_PLCC4_3.5x3.5mm,WS2812B,smt
380.55,-71.0,0.0,top,D31,,,LED_WS2812B-Mini_PLCC4_3.5x3.5mm,WS2812B,smt
38.0,-89.5,0.0,top,D32,,,LED_WS2812B-Mini_PLCC4_3.5x3.5mm,WS2812B,smt
61.5,-89.5,0.0,top,D33,,,LED_WS2812B-Mini_PLCC4_3.5x3.5mm,WS2812B,smt
81.0,-89.5,0.0,top,D34,,,LED_WS2812B-Mini_PLCC4_3.5x3.5mm,WS2812B,smt
99.5,-89.5,0.0,top,D35,,,LED_WS2812B-Mini_PLCC4_3.5x3.5mm,WS2812B,smt
118.5,-89.5,0.0,top,D36,,,LED_WS2812B-Mini_PLCC4_3.5x3.5mm,WS2812B,smt
138.0,-89.5,0.0,top,D37,,,LED_WS2812B-Mini_PLCC4_3.5x3.5mm,WS2812B,smt
156.0,-89.5,0.0,top,D38,,,LED_WS2812B-Mini_PLCC4_3.5x3.5mm,WS2812B,smt
175.5,-89.5,0.0,top,D39,,,LED_WS2812B-Mini_PLCC4_3.5x3.5mm,WS2812B,smt
109.55,-43.0,0.0,top,D4,,,LED_WS2812B-Mini_PLCC4_3.5x3.5mm,WS2812B,smt
194.5,-89.5,0.0,top,D40,,,LED_WS2812B-Mini_PLCC4_3.5x3.5mm,WS2812B,smt
213.5,-89.5,0.0,top,D41,,,LED_WS2812B-Mini_PLCC4_3.5x3.5mm,WS2812B,smt
232.5,-89.5,0.0,top,D42,,,LED_WS2812B-Mini_PLCC4_3.5x3.5mm,WS2812B,smt
251.5,-89.5,0.0,top,D43,,,LED_WS2812B-Mini_PLCC4_3.5x3.5mm,WS2812B,smt
270.0,-89.5,0.0,top,D44,,,LED_WS2812B-Mini_PLCC4_3.5x3.5mm,WS2812B,smt
293.5,-89.5,0.0,top,D45,,,LED_WS2812B-Mini_PLCC4_3.5x3.5mm,WS2812B,smt
323.5,-89.5,0.0,top,D46,,,LED_WS2812B-Mini_PLCC4_3.5x3.5mm,WS2812B,smt
342.05,-89.5,0.0,top,D47,,,LED_WS2812B-Mini_PLCC4_3.5x3.5mm,WS2812B,smt
361.0,-89.5,0.0,top,D48,,,LED_WS2812B-Mini_PLCC4_3.5x3.5mm,WS2812B,smt
380.5,-99.65,0.0,top,D49,,,LED_WS2812B-Mini_PLCC4_3.5x3.5mm,WS2812B,smt
128.0,-43.0,0.0,top,D5,,,LED_WS2812B-Mini_PLCC4_3.5x3.5mm,WS2812B,smt
39.5,-108.5,0.0,top,D50,,,LED_WS2812B-Mini_PLCC4_3.5x3.5mm,WS2812B,smt
66.0,-108.5,0.0,top,D51,,,LED_WS2812B-Mini_PLCC4_3.5x3.5mm,WS2812B,smt
85.0,-108.5,0.0,top,D52,,,LED_WS2812B-Mini_PLCC4_3.5x3.5mm,WS2812B,smt
103.5,-108.5,0.0,top,D53,,,LED_WS2812B-Mini_PLCC4_3.5x3.5mm,WS2812B,smt
122.5,-108.5,0.0,top,D54,,,LED_WS2812B-Mini_PLCC4_3.5x3.5mm,WS2812B,smt
141.5,-108.5,0.0,top,D55,,,LED_WS2812B-Mini_PLCC4_3.5x3.5mm,WS2812B,smt
160.5,-108.5,0.0,top,D56,,,LED_WS2812B-Mini_PLCC4_3.5x3.5mm,WS2812B,smt
180.0,-108.5,0.0,top,D57,,,LED_WS2812B-Mini_PLCC4_3.5x3.5mm,WS2812B,smt
199.0,-108.5,0.0,top,D58,,,LED_WS2812B-Mini_PLCC4_3.5x3.5mm,WS2812B,smt
218.0,-108.5,0.0,top,D59,,,LED_WS2812B-Mini_PLCC4_3.5x3.5mm,WS2812B,smt
157.05,-43.0,0.0,top,D6,,,LED_WS2812B-Mini_PLCC4_3.5x3.5mm,WS2812B,smt
237.0,-108.5,0.0,top,D60,,,LED_WS2812B-Mini_PLCC4_3.5x3.5mm,WS2812B,smt
256.0,-108.5,0.0,top,D61,,,LED_WS2812B-Mini_PLCC4_3.5x3.5mm,WS2812B,smt
288.5,-108.5,0.0,top,D62,,,LED_WS2812B-Mini_PLCC4_3.5x3.5mm,WS2812B,smt
322.55,-108.3,0.0,top,D63,,,LED_WS2812B-Mini_PLCC4_3.5x3.5mm,WS2812B,smt
342.0,-108.5,0.0,top,D64,,,LED_WS2812B-Mini_PLCC4_3.5x3.5mm,WS2812B,smt
360.5,-108.5,0.0,top,D65,,,LED_WS2812B-Mini_PLCC4_3.5x3.5mm,WS2812B,smt
43.5,-127.5,0.0,top,D66,,,LED_WS2812B-Mini_PLCC4_3.5x3.5mm,WS2812B,smt
75.0,-127.5,0.0,top,D67,,,LED_WS2812B-Mini_PLCC4_3.5x3.5mm,WS2812B,smt
93.5,-127.5,0.0,top,D68,,,LED_WS2812B-Mini_PLCC4_3.5x3.5mm,WS2812B,smt
112.5,-127.5,0.0,top,D69,,,LED_WS2812B-Mini_PLCC4_3.5x3.5mm,WS2812B,smt
176.0,-43.0,0.0,top,D7,,,LED_WS2812B-Mini_PLCC4_3.5x3.5mm,WS2812B,smt
131.5,-127.5,0.0,top,D70,,,LED_WS2812B-Mini_PLCC4_3.5x3.5mm,WS2812B,smt
151.0,-127.5,0.0,top,D71,,,LED_WS2812B-Mini_PLCC4_3.5x3.5mm,WS2812B,smt
169.0,-127.5,0.0,top,D72,,,LED_WS2812B-Mini_PLCC4_3.5x3.5mm,WS2812B,smt
189.0,-127.5,0.0,top,D73,,,LED_WS2812B-Mini_PLCC4_3.5x3.5mm,WS2812B,smt
209.0,-127.5,0.0,top,D74,,,LED_WS2812B-Mini_PLCC4_3.5x3.5mm,WS2812B,smt
226.5,-127.5,0.0,top,D75,,,LED_WS2812B-Mini_PLCC4_3.5x3.5mm,WS2812B,smt
247.0,-127.5,0.0,top,D76,,,LED_WS2812B-Mini_PLCC4_3.5x3.5mm,WS2812B,smt
282.5,-127.5,0.0,top,D77,,,LED_WS2812B-Mini_PLCC4_3.5x3.5mm,WS2812B,smt
324.36,-126.89,0.0,top,D78,,,LED_WS2812B-Mini_PLCC4_3.5x3.5mm,WS2812B,smt
340.14,-127.15,0.0,top,D79,,,LED_WS2812B-Mini_PLCC4_3.5x3.5mm,WS2812B,smt
195.05,-43.0,0.0,top,D8,,,LED_WS2812B-Mini_PLCC4_3.5x3.5mm,WS2812B,smt
360.5,-127.5,0.0,top,D80,,,LED_WS2812B-Mini_PLCC4_3.5x3.5mm,WS2812B,smt
380.05,-138.0,0.0,top,D81,,,LED_WS2812B-Mini_PLCC4_3.5x3.5mm,WS2812B,smt
35.05,-148.0,0.0,top,D82,,,LED_WS2812B-Mini_PLCC4_3.5x3.5mm,WS2812B,smt
58.55,-148.0,0.0,top,D83,,,LED_WS2812B-Mini_PLCC4_3.5x3.5mm,WS2812B,smt
82.55,-148.0,0.0,top,D84,,,LED_WS2812B-Mini_PLCC4_3.5x3.5mm,WS2812B,smt
154.0,-148.0,0.0,top,D85,,,LED_WS2812B-Mini_PLCC4_3.5x3.5mm,WS2812B,smt
225.55,-148.0,0.0,top,D86,,,LED_WS2812B-Mini_PLCC4_3.5x3.5mm,WS2812B,smt
249.55,-148.0,0.0,top,D87,,,LED_WS2812B-Mini_PLCC4_3.5x3.5mm,WS2812B,smt
273.05,-148.0,0.0,top,D88,,,LED_WS2812B-Mini_PLCC4_3.5x3.5mm,WS2812B,smt
297.05,-148.0,0.0,top,D89,,,LED_WS2812B-Mini_PLCC4_3.5x3.5mm,WS2812B,smt
213.55,-43.0,0.0,top,D9,,,LED_WS2812B-Mini_PLCC4_3.5x3.5mm,WS2812B,smt
333.05,-148.0,0.0,top,D90,,,LED_WS2812B-Mini_PLCC4_3.5x3.5mm,WS2812B,smt
361.05,-148.0,0.0,top,D91,,,LED_WS2812B-Mini_PLCC4_3.5x3.5mm,WS2812B,smt
325.0,-33.5,0.0,top,D92,,,LED_WS2812B-Mini_PLCC4_3.5x3.5mm,WS2812B,smt
352.275,-33.5,0.0,top,D93,,,LED_WS2812B-Mini_PLCC4_3.5x3.5mm,WS2812B,smt
379.55,-33.5,0.0,top,D94,,,LED_WS2812B-Mini_PLCC4_3.5x3.5mm,WS2812B,smt
40.8,-32.65,90.0,bottom,D_0,,,D_SOD-123,D,smt
78.9,-32.65,90.0,bottom,D_1,,,D_SOD-123,D,smt
269.4,-32.65,90.0,bottom,D_10,,,D_SOD-123,D,smt
288.45,-32.65,90.0,bottom,D_11,,,D_SOD-123,D,smt
307.5,-32.65,90.0,bottom,D_12,,,D_SOD-123,D,smt
40.8,-61.225,90.0,bottom,D_13,,,D_SOD-123,D,smt
59.85,-61.225,90.0,bottom,D_14,,,D_SOD-123,D,smt
78.9,-61.225,90.0,bottom,D_15,,,D_SOD-123,D,smt
97.95,-61.225,90.0,bottom,D_16,,,D_SOD-123,D,smt
117.0,-61.225,90.0,bottom,D_17,,,D_SOD-123,D,smt
136.05,-61.225,90.0,bottom,D_18,,,D_SOD-123,D,smt
155.1,-61.225,90.0,bottom,D_19,,,D_SOD-123,D,smt
97.95,-32.65,90.0,bottom,D_2,,,D_SOD-123,D,smt
174.15,-61.225,90.0,bottom,D_20,,,D_SOD-123,D,smt
193.2,-61.225,90.0,bottom,D_21,,,D_SOD-123,D,smt
212.25,-61.225,90.0,bottom,D_22,,,D_SOD-123,D,smt
231.3,-61.225,90.0,bottom,D_23,,,D_SOD-123,D,smt
250.35,-61.225,90.0,bottom,D_24,,,D_SOD-123,D,smt
269.4,-61.225,90.0,bottom,D_25,,,D_SOD-123,D,smt
307.5,-61.225,90.0,bottom,D_26,,,D_SOD-123,D,smt
331.3125,-61.225,90.0,bottom,D_27,,,D_SOD-123,D,smt
350.3625,-61.225,90.0,bottom,D_28,,,D_SOD-123,D,smt
369.4125,-61.225,90.0,bottom,D_29,,,D_SOD-123,D,smt
117.0,-32.65,90.0,bottom,D_3,,,D_SOD-123,D,smt
388.4625,-61.225,90.0,bottom,D_30,,,D_SOD-123,D,smt
50.325,-80.275,90.0,bottom,D_31,,,D_SOD-123,D,smt
69.375,-80.275,90.0,bottom,D_32,,,D_SOD-123,D,smt
88.425,-80.275,90.0,bottom,D_33,,,D_SOD-123,D,smt
107.475,-80.275,90.0,bottom,D_34,,,D_SOD-123,D,smt
126.525,-80.275,90.0,bottom,D_35,,,D_SOD-123,D,smt
145.575,-80.275,90.0,bottom,D_36,,,D_SOD-123,D,smt
164.625,-80.275,90.0,bottom,D_37,,,D_SOD-123,D,smt
183.675,-80.275,90.0,bottom,D_38,,,D_SOD-123,D,smt
202.725,-80.275,90.0,bottom,D_39,,,D_SOD-123,D,smt
136.05,-32.65,90.0,bottom,D_4,,,D_SOD-123,D,smt
221.775,-80.275,90.0,bottom,D_40,,,D_SOD-123,D,smt
240.825,-80.275,90.0,bottom,D_41,,,D_SOD-123,D,smt
259.875,-80.275,90.0,bottom,D_42,,,D_SOD-123,D,smt
278.925,-80.275,90.0,bottom,D_43,,,D_SOD-123,D,smt
307.5,-80.275,90.0,bottom,D_44,,,D_SOD-123,D,smt
331.3125,-80.275,90.0,bottom,D_45,,,D_SOD-123,D,smt
350.3625,-80.275,90.0,bottom,D_46,,,D_SOD-123,D,smt
369.4125,-80.275,90.0,bottom,D_47,,,D_SOD-123,D,smt
388.4625,-89.85,90.0,bottom,D_48,,,D_SOD-123,D,smt
55.0875,-99.325,90.0,bottom,D_49,,,D_SOD-123,D,smt
164.625,-32.65,90.0,bottom,D_5,,,D_SOD-123,D,smt
74.1375,-99.325,90.0,bottom,D_50,,,D_SOD-123,D,smt
93.1875,-99.325,90.0,bottom,D_51,,,D_SOD-123,D,smt
112.2375,-99.325,90.0,bottom,D_52,,,D_SOD-123,D,smt
131.2875,-99.325,90.0,bottom,D_53,,,D_SOD-123,D,smt
150.3375,-99.325,90.0,bottom,D_54,,,D_SOD-123,D,smt
169.3875,-99.325,90.0,bottom,D_55,,,D_SOD-123,D,smt
188.4375,-99.325,90.0,bottom,D_56,,,D_SOD-123,D,smt
207.4875,-99.325,90.0,bottom,D_57,,,D_SOD-123,D,smt
226.5375,-99.325,90.0,bottom,D_58,,,D_SOD-123,D,smt
245.5875,-99.325,90.0,bottom,D_59,,,D_SOD-123,D,smt
183.675,-32.65,90.0,bottom,D_6,,,D_SOD-123,D,smt
264.6375,-99.325,90.0,bottom,D_60,,,D_SOD-123,D,smt
307.5,-99.325,90.0,bottom,D_61,,,D_SOD-123,D,smt
331.3125,-99.325,90.0,bottom,D_62,,,D_SOD-123,D,smt
350.3625,-99.325,90.0,bottom,D_63,,,D_SOD-123,D,smt
369.4125,-99.325,90.0,bottom,D_64,,,D_SOD-123,D,smt
64.6125,-118.375,90.0,bottom,D_65,,,D_SOD-123,D,smt
83.6625,-118.375,90.0,bottom,D_66,,,D_SOD-123,D,smt
102.7125,-118.375,90.0,bottom,D_67,,,D_SOD-123,D,smt
121.7625,-118.375,90.0,bottom,D_68,,,D_SOD-123,D,smt
140.8125,-118.375,90.0,bottom,D_69,,,D_SOD-123,D,smt
202.725,-32.65,90.0,bottom,D_7,,,D_SOD-123,D,smt
159.8625,-118.375,90.0,bottom,D_70,,,D_SOD-123,D,smt
178.9125,-118.375,90.0,bottom,D_71,,,D_SOD-123,D,smt
197.9625,-118.375,90.0,bottom,D_72,,,D_SOD-123,D,smt
217.0125,-118.375,90.0,bottom,D_73,,,D_SOD-123,D,smt
236.0625,-118.375,90.0,bottom,D_74,,,D_SOD-123,D,smt
255.1125,-118.375,90.0,bottom,D_75,,,D_SOD-123,D,smt
307.5,-118.375,90.0,bottom,D_76,,,D_SOD-123,D,smt
331.3125,-118.375,90.0,bottom,D_77,,,D_SOD-123,D,smt
350.3625,-118.375,90.0,bottom,D_78,,,D_SOD-123,D,smt
369.4125,-118.375,90.0,bottom,D_79,,,D_SOD-123,D,smt
221.775,-32.65,90.0,bottom,D_8,,,D_SOD-123,D,smt
388.4625,-127.85,90.0,bottom,D_80,,,D_SOD-123,D,smt
45.5625,-137.425,90.0,bottom,D_81,,,D_SOD-123,D,smt
69.375,-137.425,90.0,bottom,D_82,,,D_SOD-123,D,smt
93.1875,-137.425,90.0,bottom,D_83,,,D_SOD-123,D,smt
212.25,-137.425,90.0,bottom,D_84,,,D_SOD-123,D,smt
236.0625,-137.425,90.0,bottom,D_85,,,D_SOD-123,D,smt
259.875,-137.425,90.0,bottom,D_86,,,D_SOD-123,D,smt
283.6875,-137.425,90.0,bottom,D_87,,,D_SOD-123,D,smt
307.5,-137.425,90.0,bottom,D_88,,,D_SOD-123,D,smt
350.3625,-137.425,90.0,bottom,D_89,,,D_SOD-123,D,smt
250.35,-32.65,90.0,bottom,D_9,,,D_SOD-123,D,smt
369.4125,-137.425,90.0,bottom,D_90,,,D_SOD-123,D,smt
379.82,-22.575,0.0,bottom,J1,,,USB_C_Receptacle_G-Switch_GT-USB-7010ASV,USB_C_Receptacle_USB2.0_16P,smt
373.5,-27.5,-90.0,bottom,R1,,,R_0603_1608Metric_Pad0.98x0.95mm_HandSolder,5K1,smt
386.0,-30.5,-90.0,bottom,R2,,,R_0603_1608Metric_Pad0.98x0.95mm_HandSolder,5K1,smt
391.5,-36.5,180.0,bottom,SW1,,,SW_PUSH_6mm,SW_Push,tht
373.3625,-43.05,180.0,bottom,U2,,,SOT-23-6,SRV05-4,smt
